<?xml version="1.0" encoding="UTF-8"?>
<project name="66666666666666" xmlns="http://maven.apache.org/DECORATION/1.0.0"  
    xmlns:xsi="http://www.w3.org/2001/XMLSchema-instance"  
    xsi:schemaLocation="http://maven.apache.org/DECORATION/1.0.0 http://maven.apache.org/xsd/decoration-1.0.0.xsd">
    <bannerLeft>
    	<name>maven</name>
    	<src>https://ss0.bdstatic.com/5aV1bjqh_Q23odCf/static/superman/img/logo/bd_logo1_31bdc765.png</src>
    	<href>http://www.baidu.com</href>
    </bannerLeft>
    <bannerRight>
    	<name>local</name>
    	<src>aaa.png</src>
    	<href>http://www.eclipse.org</href>
    </bannerRight>
    
    <version position="bottom"/>
    <publishDate position="bottom"/>
    
    <body>
    	<breadcrumbs>
    		<item name="Baidu" href="http://www.baidu.com"/>
    		<item name="Oracle" href="http://www.oracle.com"/>
    	</breadcrumbs>
    </body>
    
    <skin>
    	<groupId>org.apache.maven.skins</groupId>
    	<artifactId>maven-stylus-skin</artifactId>
    	<version>1.5</version>
    </skin>
</project>