<?xml version="1.0" encoding="UTF-8"?>
<project name="MvnBookSSMDemo">
	<bannerLeft>
		<name>MvnBookSSMDemo.Service.Impl</name>
		<src>images/logo.png</src>
		<href>http://cyedu.ke.qq.com</href>
	</bannerLeft>
	<body>
		<breadcrumbs>
			<item name="cyedu" href="http://cyedu.ke.qq.com"></item>
			<item name="Maven" href="http://maven.apache.org"></item>
		</breadcrumbs>

		<menu ref="reports"></menu>
		
		<menu ref="parent"/>
		<menu ref="modules"/>
		<menu ref="reports"/>
		<menu name="第一个菜单">
		   <item name="简介" href="introduction.html"></item>
		   <item name="常见问题" href="faq.html"></item>
		</menu>
		<menu name="第二个菜单">
		   <item name="test1" href="test1.html"></item>
		   <item name="test2" href="test2.html"></item>
		</menu>
		
	</body>
	<!-- 
	<skin>
		<groupId>com.googlecode.fluido-skin</groupId>
		<artifactId>fluido-skin</artifactId>
		<version>1.3</version>
	</skin>
	 -->
	<skin>
		<groupId>org.apache.maven.skins</groupId>
		<artifactId>maven-stylus-skin</artifactId>
		<version>1.5</version>
	</skin>
	
	<version position="right"></version>
	<publishDate position="left"></publishDate>

</project>
