<?xml version="1.0" encoding="UTF-8"?>
<archeType-descriptor name="example_zzw">
	<fileSets>
		<fileSet filtered="true" packaged="true">
			<directory>src/main/java</directory>
			<includes>
				<include>**/*.java</include>	
			</includes>
		</fileSet>
		<fileSet filtered="true" packaged="true">
			<directory>src/test/java</directory>
			<includes>
				<include>**/*.java</include>	
			</includes>
		</fileSet>
		<fileSet filtered="true" packaged="false">
			<directory>src/main/resources</directory>
			<includes>
				<include>**/*.properties</include>
				<include>**/*.xml</include>
			</includes>
		</fileSet>
		<fileSet filtered="true" packaged="false">
			<directory>src/test/resources</directory>
			<excludes>
				<exclude>**/*.xml</exclude>	
			</excludes>
		</fileSet>
	</fileSets>
	
	<requiredProperties>
		<requiredProperty key="finalName"/>
		<requiredProperty key="version">
			<defaultValue>3.0-SNAPSHOT</defaultValue>	
		</requiredProperty>	
	</requiredProperties>
</archeType-descriptor>